"Reference","Qty","Value","DNP","Exclude from BOM","Exclude from Board","Footprint","Datasheet"
"A1,A2,D17,D21,R42,R135,S1,S2","8","10k","","","","Potentiometer_THT:Potentiometer_Bourns_PTA6043_Single_Slide",""
"ADJ_TUNE1,ADJ_TUNE2,ADJ_TUNE3","3","1k","","","","Potentiometer_THT:Potentiometer_Bourns_3266W_Vertical",""
"AUDIO_OUT(3.5mm)1,CV_IN5,FM_IN3,PWM_IN1,PWM_IN2,PWM_IN3","6","AudioJack2_Ground_Switch","","","","AUDIOJACKS:Jack_3.5mm_Cliff_FCR1281_Horizontal",""
"C1,C10,C15","3","2.2nF","","","","Capacitor_THT:C_Rect_L13.0mm_W4.0mm_P10.00mm_FKS3_FKP3_MKS4",""
"C2,C11,C16","3","1uF","","","","Capacitor_THT:C_Rect_L7.2mm_W5.0mm_P5.00mm",""
"C3,C4,C5,C8,C9,C12,C13,C14,C17,C18,C19,C20,C21,C28,C29,C31,C32,C35,C36,C37,C38,C39,C40,C41,C42,C43,C44","27","0.1uF","","","","Capacitor_THT:C_Disc_D5.1mm_W3.2mm_P5.00mm",""
"C6,C7","2","47uF","","","","Capacitor_THT:C_Radial_D5.0mm_H11.0mm_P2.00mm",""
"C22,C30,C45","3","1uF","","","","",""
"C23,C24,C25,C26,C27","5","1nF","","","","",""
"C33","1","0.33uF","","","","",""
"C34","1","0.1uF","","","","",""
"COARSE1,COARSE2,COARSE3,CUTOFF1,FINE1,FINE2,FINE3,OFFSET1,PWM1,PWM2,PWM3,RESO1,SOFTCLIP1,VCO1,VCO2,VCO3,VCO5,VCO6","18","100k","","","","Potentiometer_THT:Potentiometer_Omeg_PC16BU_Vertical",""
"D1,D4,D5,D6,D7,D8,D9,D10,D11,D12,D13,D14,D15,D16","14","1N4148","","","","Diode_THT:D_DO-35_SOD27_P7.62mm_Horizontal","https://assets.nexperia.com/documents/data-sheet/1N4148_1N4448.pdf"
"D2,D3,D18,D19,D20","5","SB140","","","","Diode_THT:D_DO-41_SOD81_P10.16mm_Horizontal","http://www.diodes.com/_files/datasheets/ds23022.pdf"
"FM_LVL3","1","1M","","","","Potentiometer_THT:Potentiometer_Omeg_PC16BU_Vertical",""
"J1","1","DC_IN","","","","TerminalBlock_RND:TerminalBlock_RND_205-00288_1x03_P5.08mm_Horizontal",""
"J2","1","USB_B","","","","",""
"J3","1","AUDIO_OUT(6.35mm)","","","","",""
"PWM_CV_LVL1,PWM_CV_LVL2,PWM_CV_LVL3","3","250k","","","","Potentiometer_THT:Potentiometer_Omeg_PC16BU_Vertical",""
"Q-Point(Forward_Bias)1,R3,R22,R29,R32,R52,R62,R70,R71,R72,R74,R75,R76,R87,R89,R94,R96,R99,R100,R101,R103,R104,R105,R106,R107,R108,R110,R111,R112,R117,R118,R125,R126,R127,R128,R129,R132,R133,R134,R136,R137","41","100k","","","","",""
"Q1,Q4,Q6,Q7,Q8","5","BC548","","","","Package_TO_SOT_THT:TO-92_Inline","https://www.onsemi.com/pub/Collateral/BC550-D.pdf"
"Q2,Q3,Q5","3","BC558","","","","Package_TO_SOT_THT:TO-92_Inline","https://www.onsemi.com/pub/Collateral/BC556BTA-D.pdf"
"R1,R5,R27,R31,R47,R51","6","1M","","","","Resistor_THT:R_Axial_DIN0207_L6.3mm_D2.5mm_P10.16mm_Horizontal",""
"R2,R30,R50","3","1k5","","","","Resistor_THT:R_Axial_DIN0207_L6.3mm_D2.5mm_P10.16mm_Horizontal",""
"R4,R6,R8,R9,R10,R12,R14,R19,R23,R25,R26,R28,R33,R34,R38,R39,R43,R45,R46,R48,R49,R53,R54,R58,R59","25","100k","","","","Resistor_THT:R_Axial_DIN0207_L6.3mm_D2.5mm_P10.16mm_Horizontal",""
"R7,R24,R44","3","33k","","","","Resistor_THT:R_Axial_DIN0207_L6.3mm_D2.5mm_P10.16mm_Horizontal",""
"R11,R37,R57","3","47k","","","","Resistor_THT:R_Axial_DIN0207_L6.3mm_D2.5mm_P10.16mm_Horizontal",""
"R13,R16,R41,R63,R64,R65,R66,R67,R68,R69,R114,R138","12","10k","","","","",""
"R15,R17,R35,R40,R55,R60","6","68k","","","","Resistor_THT:R_Axial_DIN0207_L6.3mm_D2.5mm_P10.16mm_Horizontal",""
"R18,R36,R56","3","14k","","","","Resistor_THT:R_Axial_DIN0207_L6.3mm_D2.5mm_P10.16mm_Horizontal",""
"R20,R21","2","10","","","","Resistor_THT:R_Axial_DIN0207_L6.3mm_D2.5mm_P10.16mm_Horizontal",""
"R61,R78,R79,R81,R82,R83,R84,R85,R93","9","33k","","","","",""
"R73,R86","2","27k","","","","",""
"R77,R80","2","2k","","","","",""
"R88","1","14k","","","","",""
"R90,R91","2","68k","","","","",""
"R92,R95,R97,R130,R131","5","1k","","","","",""
"R98,R102,R109,R113,R123","5","150k","","","","",""
"R115,R116","2","20k_Matched","","","","",""
"R119,R120","2","10k_MATCHED","","","","",""
"R121,R122","2","100k_MATCHED","","","","",""
"R124","1","100","","","","",""
"reso_intensity1","1","50k","","","","Potentiometer_THT:Potentiometer_Omeg_PC16BU_Vertical",""
"RV1","1","20k","","","","",""
"R_pull_UP_SCL1,R_pull_UP_SDA1","2","4.7k","","","","",""
"SW1,SW3,SW5","3","SAW","","","","Button_Switch_SMD:Nidec_Copal_CAS-120A","https://www.nidec-components.com/e/catalog/switch/cas.pdf"
"SW2,SW4,SW6","3","PULSE","","","","Button_Switch_SMD:Nidec_Copal_CAS-120A","https://www.nidec-components.com/e/catalog/switch/cas.pdf"
"SW7","1","SUB","","","","Button_Switch_SMD:Nidec_Copal_CAS-120A","https://www.nidec-components.com/e/catalog/switch/cas.pdf"
"TH2,TH3,TH4,TH5,TH6,TH7,TH9,TH10,TH11,TH12","10","10k","","","","Resistor_THT:R_Axial_DIN0204_L3.6mm_D1.6mm_P5.08mm_Horizontal",""
"U1","1","40106","","","","Package_DIP:DIP-14_W7.62mm_Socket","https://assets.nexperia.com/documents/data-sheet/HEF40106B.pdf"
"U2,U4,U6","3","TL074","","","","Package_DIP:DIP-14_W7.62mm_Socket","http://www.ti.com/lit/ds/symlink/tl071.pdf"
"U3,U5,U7,U8,U11,U13,U14,U15,U17","9","TL074","","","","","http://www.ti.com/lit/ds/symlink/tl071.pdf"
"U9","1","NUCLEO-F446RE","","","","STM32:MODULE_NUCLEO-F446RE",""
"U10","1","L7805","","","","","http://www.st.com/content/ccc/resource/technical/document/datasheet/41/4f/b3/b0/12/d4/47/88/CD00000444.pdf/files/CD00000444.pdf/jcr:content/translations/en.CD00000444.pdf"
"U12","1","MCP4728","","","","Package_SO:MSOP-10_3x3mm_P0.5mm","http://ww1.microchip.com/downloads/en/DeviceDoc/22187E.pdf"
"U16","1","ER_OLEDM0.91_1x-I2C","","","","Display:ER_OLEDM0.91_1x-I2C","https://www.buydisplay.com/download/manual/ER-OLEDM0.91-1_Datasheet.pdf"
